,focalLength,weight,gonadalWeight,maturityStage,species,Sex
0,72.8,8.02,9.05,1,0,0
1,81.2,9.48,18.27,1,0,0
2,73.7,8.28,7.05,1,0,1
3,74.5,7.54,5.59,1,0,1
4,75.5,8.5,12.67,1,0,0
5,76.0,8.41,9.99,1,0,0
6,78.0,8.83,29.99,1,0,0
7,75.0,7.91,25.06,1,0,0
8,74.7,7.79,24.07,1,0,0
9,73.5,7.64,4.21,1,0,1
10,71.8,6.87,8.55,1,0,0
11,72.0,7.44,29.99,1,0,0
12,74.1,8.105,5.48,1,0,1
13,80.1,9.17,9.65,1,0,1
14,77.8,7.99,15.39,1,0,0
15,80.5,9.05,20.62,1,0,0
16,73.7,7.66,10.0,1,0,0
17,75.3,8.35,3.94,1,0,1
18,74.2,7.79,9.99,1,0,1
19,73.9,8.27,4.37,1,0,1
20,75.6,8.33,7.33,1,0,1
21,100.0,19.0,317.66,3,0,0
22,93.3,12.23,48.56,1,0,0
23,63.3,9.4,3.28,0,0,1
24,78.2,7.935,7.2,0,0,1
25,90.0,9.53,42.87,1,0,0
26,75.5,6.655,4.85,1,0,1
27,82.1,9.495,6.91,0,0,1
28,82.5,9.01,34.89,1,0,0
29,89.4,11.75,60.28,1,0,0
30,63.0,3.82,48.56,0,0,1
31,56.0,2.985,3.28,4,0,1
32,63.0,3.675,7.2,0,0,0
33,58.0,3.06,42.87,0,0,1
34,57.0,2.44,4.85,0,0,1
35,59.0,3.32,6.91,1,0,0
36,60.0,3.625,34.89,0,0,1
37,60.0,3.41,60.28,0,0,1
38,72.8,6.21,2.02,0,0,1
39,73.0,6.81,3.17,0,0,1
40,65.1,4.375,1.92,0,0,1
41,67.2,4.82,2.94,0,0,1
42,61.2,4.265,2.57,0,0,1
43,64.3,4.13,9.95,0,0,1
44,62.1,3.58,2.96,0,0,1
45,61.2,4.01,3.74,0,0,1
46,71.5,5.27,3.53,0,0,0
47,92.7,12.3,6.92,1,0,1
48,77.0,7.01,14.23,0,0,0
49,93.5,13.6,14.86,0,0,1
50,80.5,6.5,9.37,0,0,0
51,96.0,13.3,51.1,1,0,0
52,97.3,15.3,12.62,1,0,1
53,95.8,13.6,11.88,0,0,1
54,92.1,12.3,55.19,1,0,0
55,51.0,2.405,51.1,1,0,1
56,55.0,2.835,12.62,0,0,1
57,54.0,2.44,11.88,0,0,1
58,53.0,2.465,55.19,1,0,1
59,53.0,2.45,0.0,1,0,1
60,55.0,2.745,0.0,0,0,1
61,92.0,13.5,255.0,3,0,0
62,94.5,13.5,49.0,3,0,0
63,76.0,6.5,0.0,4,0,1
64,104.0,19.5,359.24,3,0,1
65,95.0,15.5,357.7,3,0,1
66,94.0,13.85,236.97,3,0,1
67,78.0,11.0,190.76,3,0,0
68,103.0,17.0,152.2,3,0,1
69,96.0,14.0,361.85,3,0,0
70,96.0,15.0,9.26,3,0,0
71,104.5,17.5,363.33,3,0,0
72,87.0,11.5,168.86,3,0,1
73,95.0,13.5,307.27,2,0,0
74,92.0,14.0,238.94,3,0,1
75,100.0,17.0,105.0,3,0,1
76,105.5,18.0,178.49,3,0,1
77,93.0,13.5,255.86,3,0,1
78,95.0,13.5,58.85,1,0,0
79,95.0,14.0,79.51,2,0,1
80,92.0,12.5,214.78,3,0,0
81,93.0,12.0,144.48,3,0,1
82,99.0,15.5,264.44,3,0,1
83,99.0,15.5,264.44,3,0,1
84,99.0,16.5,189.45,3,0,1
85,92.0,14.0,207.35,3,0,1
86,91.0,12.5,195.29,3,0,0
87,93.5,15.25,294.19,3,0,0
88,90.0,12.5,237.46,3,0,0
89,97.5,16.55,269.94,3,0,1
90,99.0,15.5,178.67,3,0,1
91,88.0,11.0,158.62,3,0,1
92,86.0,10.0,93.48,3,0,0
93,103.0,16.5,98.27,2,0,1
94,103.0,17.0,218.75,3,0,1
95,92.0,12.0,163.03,3,0,1
96,55.0,2.765,69.63836201191265,0,0,0
97,56.0,3.015,69.63836201191265,0,0,0
98,52.0,2.235,69.63836201191265,3,0,1
99,83.0,9.94,69.63836201191265,3,0,1
100,83.0,10.63,69.63836201191265,3,0,1
101,81.0,9.275,69.63836201191265,3,0,1
102,57.5,2.6,0.0,0,0,1
103,63.0,3.7,0.0,0,0,1
104,61.5,3.0,0.0,0,0,1
105,55.1,2.1,0.0,0,0,1
106,59.2,2.8,0.0,0,0,1
107,57.9,3.1,0.0,0,0,1
108,58.2,3.0,0.0,0,0,1
109,56.5,2.2,0.0,0,0,1
110,55.3,2.1,0.0,0,0,1
111,53.7,1.7,0.0,0,0,1
112,57.5,2.4,0.0,0,0,1
113,56.7,2.0,0.0,0,0,1
114,57.7,2.7,0.0,0,0,1
115,52.7,1.8,0.0,0,0,1
116,55.0,2.2,0.0,0,0,1
117,55.7,2.4,5.35,0,0,0
118,55.9,1.5,0.44,0,0,0
119,57.0,2.0,0.0,0,0,1
120,55.0,1.6,0.0,0,0,1
121,58.0,2.6,0.0,0,0,1
122,53.5,1.7,0.0,0,0,1
123,57.2,2.4,0.0,0,0,1
124,59.5,1.4,0.0,0,0,0
125,56.0,1.7,0.0,0,0,1
126,53.5,1.5,0.0,0,0,1
127,54.0,1.7,0.0,0,0,1
128,57.1,2.8,0.0,0,0,1
129,54.0,1.5,0.0,0,0,0
130,56.6,3.0,0.0,0,0,1
131,87.0,11.5,216.75,2,0,0
132,88.0,11.5,206.9,3,0,1
133,86.9,11.0,229.0,1,0,1
134,89.0,11.0,119.33,2,0,1
135,89.5,11.0,307.24,3,0,0
136,95.5,14.0,236.39,2,0,1
137,88.0,12.0,369.22,3,0,1
138,86.0,11.0,258.86,2,0,1
139,96.0,14.0,23.08,1,0,0
140,90.0,12.0,397.37,3,0,0
141,90.0,12.0,169.24,2,0,1
142,104.0,16.0,467.06,4,0,0
143,96.5,16.0,279.37,3,0,1
144,86.0,11.0,335.03,3,0,0
145,95.0,15.0,377.49,2,0,1
146,95.5,16.0,358.51,3,0,1
147,88.0,12.0,389.11,3,0,0
148,71.0,6.31,69.63836201191265,0,0,1
149,61.0,3.715,69.63836201191265,0,0,1
150,52.0,2.175,69.63836201191265,0,0,1
151,60.0,3.2,69.63836201191265,3,0,0
152,50.0,2.315,69.63836201191265,0,0,1
153,58.0,3.14,80.8,3,0,0
154,54.0,2.785,141.6,3,0,0
155,71.0,3.3,69.63836201191265,0,0,1
156,57.0,3.163,69.63836201191265,0,0,1
157,53.0,2.35,69.63836201191265,3,0,1
158,58.0,2.915,72.4,3,0,0
159,51.0,2.245,69.63836201191265,0,0,1
160,48.0,1.99,36.4,2,0,0
161,47.0,1.81,19.7,2,0,0
162,52.0,2.51,69.63836201191265,0,0,1
163,53.0,2.456,69.63836201191265,0,0,1
164,54.0,2.595,69.63836201191265,0,0,1
165,52.0,2.265,69.63836201191265,0,0,1
166,70.2,7.0,0.0,1,0,1
167,58.7,3.0,0.0,3,0,1
168,51.2,2.6,0.0,0,0,1
169,79.0,7.3,0.0,2,0,1
170,98.4,10.7,0.0,0,0,1
171,57.0,2.7,37.52,4,0,0
172,83.2,8.6,48.3,1,0,0
173,55.0,2.8,0.0,0,0,1
174,80.7,8.6,44.55,1,0,0
175,88.0,10.0,0.0,3,0,1
176,56.0,1.8,0.0,0,0,1
177,57.0,2.6,0.0,0,0,1
178,94.0,12.5,0.0,0,0,1
179,63.5,3.18,11.9,0,0,0
180,94.2,15.42,320.0,3,0,0
181,98.0,16.01,318.15,3,0,0
182,59.0,3.36,69.63836201191265,1,0,1
183,91.0,12.65,179.0,3,0,0
184,51.0,2.085,43.0,2,0,0
185,85.0,111.17,177.4,3,0,0
186,86.0,10.56,125.4,3,0,0
187,68.0,5.02,69.63836201191265,1,0,1
188,50.0,2.11,40.3,2,0,0
189,54.0,2.39,198.9,3,0,0
190,52.0,2.71,69.63836201191265,1,0,1
191,47.0,1.95,69.63836201191265,1,0,1
192,65.0,4.9,69.63836201191265,1,0,1
193,65.0,4.095,69.63836201191265,1,0,1
194,59.0,2.255,69.63836201191265,1,0,1
195,100.0,16.0,299.52,3,0,0
196,94.0,13.5,412.76,3,0,0
197,98.0,14.5,426.38,3,0,0
198,96.0,13.5,294.99,3,0,1
199,96.0,13.8,163.56,3,0,1
200,98.0,15.5,352.16,3,0,1
201,93.0,12.5,268.53,3,0,0
202,98.0,14.5,403.17,3,0,0
203,88.0,10.2,55.0,1,0,0
204,79.5,7.6,0.0,0,0,1
205,80.5,8.5,0.0,1,0,1
206,77.0,8.9,0.0,1,0,1
207,81.0,8.0,0.0,0,0,1
208,58.5,3.4,0.0,0,0,1
209,57.5,3.1,0.0,0,0,1
210,59.5,3.6,0.0,0,0,1
211,100.0,16.0,280.7,3,0,1
212,92.0,14.75,305.0,3,0,0
213,102.0,17.9,190.0,3,0,1
214,88.0,12.0,290.0,3,0,1
215,90.0,12.0,255.0,3,0,0
216,96.0,15.0,320.0,3,0,0
217,94.0,14.0,175.0,3,0,1
218,97.0,15.0,16.6,3,0,0
219,98.0,16.5,100.1,3,0,0
220,96.0,16.0,350.0,3,0,0
221,96.0,14.0,295.0,3,0,0
222,95.0,14.0,408.0,4,0,1
223,95.0,14.0,408.0,4,0,1
224,47.1,2.0,47.01,1,0,1
225,47.0,2.0,66.4,2,0,1
226,44.8,1.9,27.92,4,0,0
227,96.0,15.0,245.0,3,0,1
228,94.0,14.0,295.0,3,0,0
229,98.0,14.0,315.0,3,0,0
230,100.0,17.5,345.31,3,0,1
231,98.0,20.0,266.6,3,0,1
232,95.0,14.0,344.25,3,0,1
233,93.0,15.0,335.14,3,0,1
234,85.0,12.5,290.81,3,0,0
235,94.0,15.0,527.78,3,0,1
236,89.0,12.5,95.0,2,0,1
237,100.0,17.0,185.0,3,0,1
238,94.0,14.0,265.0,3,0,0
239,100.0,16.0,356.82,3,0,0
240,98.0,15.7,285.0,3,0,0
241,103.0,19.0,13.4,3,0,1
242,77.5,8.8,24.96,1,0,0
243,75.6,6.6,8.36,0,0,0
244,72.5,7.4,0.0,1,0,1
245,105.0,19.8,106.51,1,0,0
246,76.5,7.0,0.0,3,0,1
247,103.5,15.5,248.26,3,0,0
248,97.0,17.7,0.0,2,0,1
249,128.0,38.0,0.0,1,0,1
250,109.0,15.8,0.0,3,0,1
251,91.0,11.9,0.0,2,0,1
252,71.0,6.2,0.0,0,0,0
253,102.0,17.6,0.0,1,0,1
254,195.0,35.0,0.0,3,0,1
255,164.0,32.0,0.0,4,0,0
256,226.0,0.45,32.0,4,0,0
257,193.0,0.5,765.0,3,0,0
258,63.0,4.09,69.63836201191265,0,0,0
259,56.0,3.16,69.63836201191265,0,0,1
260,63.0,4.24,69.63836201191265,0,0,0
261,79.0,7.945,69.63836201191265,0,0,1
262,104.5,22.0,1546.7,2,0,0
263,109.0,23.0,648.0,2,0,0
264,98.0,17.0,69.63836201191265,2,0,1
265,85.0,10.42,69.63836201191265,0,0,1
266,84.0,9.475,69.63836201191265,0,0,1
267,88.0,12.5,198.47,2,0,0
268,87.0,13.0,69.63836201191265,2,0,1
269,108.0,23.0,69.63836201191265,1,0,1
270,72.0,5.89,0.0,0,0,1
271,100.0,16.2,67.6,4,0,0
272,74.0,7.0,10.22,0,0,0
273,68.0,5.185,69.63836201191265,0,0,1
274,70.0,5.445,69.63836201191265,0,0,0
275,67.0,5.325,69.63836201191265,0,0,1
276,68.0,5.09,69.63836201191265,0,0,0
277,69.0,5.245,69.63836201191265,0,0,0
278,67.5,5.32,69.63836201191265,0,0,1
279,70.0,5.295,69.63836201191265,0,0,1
280,66.5,5.05,69.63836201191265,0,0,0
281,66.0,4.6,69.63836201191265,0,0,0
282,40.5,1.24,27.18,3,1,1
283,40.2,1.253,47.08,2,1,0
284,41.4,1.305,21.11,2,1,1
285,39.4,1.13,41.4,3,1,1
286,40.5,1.185,40.4,3,1,0
287,41.4,1.35,44.87,3,1,1
288,41.2,1.09,42.38,3,1,0
289,40.0,1.14,30.01,3,1,1
290,42.4,1.33,34.45,3,1,1
291,41.1,1.13,47.49,3,1,1
292,36.5,0.892,23.13,3,1,1
293,41.9,1.42,38.38,3,1,1
294,39.8,1.18,39.38,3,1,0
295,35.8,0.68,26.12,4,1,0
296,42.4,1.44,51.91,3,1,1
297,48.0,1.76,69.63836201191265,1,1,1
298,57.0,2.33,69.63836201191265,1,1,1
299,47.03,18.9,23.26,1,1,1
300,35.0,0.49,1.2,1,1,1
301,36.0,0.67,3.89,3,1,0
302,34.0,0.57,1.18,1,1,1
303,36.0,0.53,2.97,2,1,0
304,34.5,0.55,0.0,4,1,1
305,34.0,0.57,0.63,0,1,1
306,38.0,0.68,3.31,2,1,0
307,35.0,0.53,3.14,4,1,0
308,33.0,0.54,3.34,2,1,0
309,42.0,1.02,11.74,4,1,0
310,35.5,0.66,4.75,4,1,0
311,35.0,0.7,4.32,4,1,0
312,35.0,0.56,3.05,1,1,0
313,36.0,0.64,3.2,3,1,1
314,35.0,0.7,0.0,0,1,1
315,37.0,0.58,2.3,1,1,0
316,34.0,0.37,2.05,1,1,0
317,37.0,0.6,4.15,2,1,0
318,34.0,0.49,1.68,1,1,0
319,34.0,0.57,0.43,0,1,1
320,42.0,1.11,9.5,3,1,1
321,34.0,0.47,0.32,0,1,1
322,38.0,0.69,3.83,2,1,0
323,35.0,0.64,4.65,2,1,0
324,38.0,0.67,4.15,2,1,0
325,35.0,0.42,2.97,1,1,0
326,35.0,0.68,3.22,3,1,1
327,36.5,0.58,3.76,2,1,0
328,36.5,0.46,0.46,0,1,1
329,39.0,0.71,5.2,4,1,0
330,33.0,0.595,0.0,1,1,1
331,32.0,0.55,0.0,1,1,1
332,33.0,0.55,0.0,1,1,1
333,33.0,0.56,0.0,1,1,1
334,43.0,1.195,84.6,3,1,0
335,40.0,1.35,460.0,1,1,0
336,42.0,1.2,0.0,1,1,1
337,41.0,1.09,0.0,1,1,1
338,42.0,1.175,12.5,0,1,0
339,41.0,1.165,32.5,1,1,0
340,44.0,1.4,70.0,1,1,0
341,68.0,5.0,0.0,3,1,1
342,48.0,1.8,0.0,3,1,1
343,43.0,1.2,0.0,1,1,1
344,43.0,1.2,0.0,1,1,1
345,44.0,1.4,0.0,3,1,1
346,46.0,1.4,0.0,3,1,1
347,38.0,0.93,69.63836201191265,2,1,1
348,40.0,0.95,69.63836201191265,2,1,1
349,40.0,1.02,69.63836201191265,2,1,1
350,39.0,0.985,62.6,3,1,0
351,40.0,0.895,35.2,2,1,0
352,42.0,1.28,69.63836201191265,2,1,1
353,38.0,0.985,69.63836201191265,2,1,1
354,42.2,0.7,0.0,0,1,1
355,41.3,0.7,18.01,2,1,0
356,40.3,0.7,27.9,3,1,0
357,38.1,0.6,0.0,2,1,1
358,40.5,0.6,0.0,2,1,1
359,38.2,0.6,0.0,4,1,0
360,39.3,0.7,0.0,2,1,1
361,37.1,0.5,0.0,1,1,1
362,38.4,0.6,0.0,1,1,1
363,39.6,0.7,0.0,1,1,1
364,40.5,0.8,0.0,2,1,1
365,38.1,0.7,27.59,3,1,0
366,38.2,0.6,20.85,3,1,0
367,38.4,0.7,0.0,1,1,1
368,38.5,0.6,0.0,1,1,1
369,38.3,0.7,14.04,3,1,0
370,40.1,0.7,21.45,3,1,0
371,40.1,0.7,20.4,3,1,0
372,39.5,0.8,0.0,1,1,1
373,38.7,0.7,0.0,1,1,1
374,38.7,0.6,0.0,2,1,1
375,41.1,1.0,0.0,2,1,1
376,39.5,0.5,0.0,2,1,1
377,39.5,0.7,0.0,1,1,1
378,39.2,0.6,0.0,1,1,1
379,40.1,0.8,0.0,4,1,0
380,41.1,0.7,33.23,3,1,0
381,37.9,0.7,0.0,2,1,1
382,37.4,0.5,0.0,2,1,1
383,42.6,1.0,0.0,2,1,1
384,40.0,0.8,0.0,2,1,1
385,43.2,1.0,0.0,2,1,1
386,48.5,1.4,0.0,3,1,1
387,40.5,0.8,0.0,3,1,1
388,41.5,0.8,9.34,1,1,0
389,40.5,0.7,0.0,2,1,1
390,39.0,0.8,18.12,3,1,0
391,40.0,0.9,21.38,3,1,0
392,41.5,0.8,0.0,0,1,0
393,42.0,1.0,0.0,2,1,1
394,40.5,0.9,0.0,3,1,1
395,40.0,0.8,0.0,2,1,1
396,43.2,1.0,0.0,2,1,1
397,48.5,1.4,0.0,3,1,1
398,40.5,0.8,0.0,3,1,1
399,41.5,0.8,9.34,1,1,0
400,40.5,0.7,0.0,2,1,1
401,39.0,0.8,18.12,3,1,0
402,40.0,0.9,21.38,3,1,0
403,41.5,0.8,0.0,0,1,0
404,42.0,1.0,0.0,2,1,1
405,40.5,0.9,0.0,3,1,1
406,40.0,0.8,31.56,3,1,0
407,41.5,0.7,0.0,1,1,1
408,38.0,0.6,0.0,1,1,1
409,40.0,0.8,0.0,1,1,1
410,43.0,0.8,8.68,2,1,0
411,41.5,0.8,0.0,3,1,1
412,40.2,0.7,8.23,2,1,0
413,40.3,0.7,9.75,2,1,0
414,41.0,0.9,27.98,3,1,0
415,41.3,0.8,0.0,3,1,1
416,40.2,0.6,16.53,3,1,0
417,40.5,0.7,0.0,3,1,1
418,41.0,0.9,0.0,2,1,1
419,40.0,0.8,11.49,2,1,0
420,40.5,0.8,13.58,3,1,0
421,41.5,1.8,26.91,3,1,0
422,44.5,1.0,26.95,3,1,0
423,40.0,1.0,14.9,3,1,0
424,38.2,0.96,10.13,1,1,0
425,40.0,1.085,17.04,1,1,0
426,33.0,0.633,6.47,1,1,0
427,39.0,0.975,21.07,2,1,1
428,38.2,0.915,13.34,2,1,1
429,40.0,1.055,21.18,1,1,1
430,38.0,0.83,10.76,1,1,0
431,38.5,0.99,17.18,2,1,1
432,37.0,0.83,16.64,2,1,1
433,39.0,0.925,13.96,1,1,0
434,40.0,1.005,13.22,2,1,1
435,36.0,0.795,16.82,1,1,0
436,36.5,0.78,5.9,0,1,0
437,37.5,0.82,9.49,1,1,1
438,38.0,0.895,12.48,2,1,1
439,39.0,0.905,24.73,3,1,0
440,37.0,0.83,12.74,4,1,0
441,40.0,1.05,14.64,1,1,0
442,38.0,0.955,15.97,1,1,0
443,37.0,0.81,10.57,2,1,1
444,36.5,0.81,28.83,1,1,0
445,38.0,0.915,17.77,3,1,0
446,405.0,1.15,39.92,3,1,0
447,38.0,0.915,11.94,1,1,1
448,40.0,1.09,48.09,3,1,0
449,39.0,0.96,14.17,2,1,1
450,41.0,1.5,42.65,3,1,0
451,39.0,0.9,17.0,3,1,0
452,38.0,0.89,28.3,3,1,0
453,39.2,0.91,12.07,1,1,0
454,34.0,0.68,12.27,4,1,0
455,35.0,0.66,6.27,1,1,0
456,36.0,0.71,8.91,4,1,0
457,37.5,0.81,14.84,1,1,1
458,42.0,0.83,48.3,3,1,0
459,34.6,0.42,3.94,4,1,0
460,38.0,0.84,9.4,4,1,0
461,42.0,1.15,5.1,4,1,0
462,35.2,0.65,9.36,4,1,0
463,37.0,0.73,11.25,4,1,0
464,36.0,0.65,6.55,1,1,1
465,37.8,0.75,17.56,4,1,0
466,35.5,0.705,31.26,4,1,0
467,34.5,0.56,8.11,1,1,1
468,36.8,0.55,9.54,1,1,0
469,39.0,0.63,22.48,1,1,1
470,37.0,0.6,12.85,1,1,1
471,40.5,0.89,15.0,4,1,0
472,37.6,0.42,12.72,1,1,1
473,36.0,0.62,11.3,1,1,0
474,40.5,0.88,11.0,4,1,0
475,39.0,0.66,9.73,4,1,0
476,38.0,0.73,12.8,1,1,1
477,38.1,0.83,10.97,4,1,0
478,36.0,0.68,11.87,1,1,0
479,37.0,0.731,28.36,4,1,0
480,38.0,0.84,40.61,1,1,1
481,39.5,0.92,46.71,4,1,0
482,44.0,1.255,31.41,1,1,1
483,40.0,0.711,27.65,1,1,1
484,37.5,0.9,0.0,3,1,1
485,39.5,0.8,0.0,3,1,1
486,38.5,0.8,0.0,2,1,1
487,38.5,0.85,0.0,2,1,1
488,35.0,0.6,23.95,3,1,0
489,38.7,0.9,0.0,2,1,1
490,38.0,0.8,23.17,3,1,0
491,37.5,0.7,0.0,2,1,1
492,37.0,0.6,0.0,2,1,1
493,39.0,0.9,0.0,3,1,1
494,38.5,0.8,23.96,3,1,0
495,42.5,1.1,27.79,3,1,0
496,43.5,1.2,0.0,3,1,1
497,37.5,0.7,0.0,2,1,1
498,47.5,1.7,0.0,3,1,1
499,41.0,0.7,20.68,3,1,0
500,38.5,0.8,22.09,3,1,0
501,37.4,0.7,15.87,3,1,0
502,34.0,0.6,0.0,2,1,1
503,39.0,0.8,0.0,3,1,1
504,38.0,0.8,0.0,2,1,1
505,37.9,0.7,0.0,3,1,1
506,39.5,0.8,24.55,3,1,0
507,36.5,0.7,26.79,3,1,0
508,38.0,0.7,0.0,1,1,1
509,39.05,0.8,0.0,2,1,1
510,38.0,0.7,12.69,3,1,0
511,35.1,0.6,9.12,3,1,0
512,38.5,0.9,0.0,2,1,1
513,40.0,0.9,33.0,3,1,0
514,37.0,0.6,0.0,1,1,1
515,36.5,0.7,0.0,1,1,1
516,44.5,1.44,58.36,3,1,0
517,41.5,1.91,81.46,2,1,1
518,43.0,1.15,39.3,1,1,1
519,49.0,1.415,78.9,3,1,0
520,44.0,1.395,47.53,2,1,1
521,46.0,1.725,52.86,3,1,0
522,43.0,1.305,3.9,3,1,0
523,43.5,1.365,41.19,3,1,0
524,45.5,1.465,70.11,3,1,0
525,46.0,2.0,65.66,3,1,1
526,45.0,2.0,98.07,3,1,1
527,48.0,2.0,120.22,3,1,0
528,43.0,1.5,48.22,1,1,1
529,43.0,1.5,69.63836201191265,3,1,0
530,43.0,1.5,69.63836201191265,3,1,0
531,43.5,2.0,75.1,3,1,0
532,43.0,2.0,136.4,2,1,1
533,40.0,1.0,140.2,3,1,1
534,42.0,2.0,196.1,3,1,0
535,41.5,1.2,206.8,3,1,1
536,43.5,2.0,228.5,3,1,0
537,41.0,1.5,168.2,3,1,1
538,41.0,1.0,114.1,1,1,1
539,41.5,1.5,217.1,3,1,0
540,40.5,1.0,161.8,2,1,1
541,39.0,1.0,220.4,3,1,1
542,41.0,1.0,155.2,3,1,0
543,39.0,1.0,101.1,2,1,0
544,46.0,2.0,299.2,3,1,1
545,43.0,1.5,213.6,3,1,0
546,43.0,1.0,154.3,3,1,0
547,40.0,1.0,28.0,1,1,1
548,43.5,2.0,92.0,3,1,1
549,42.0,1.5,214.6,3,1,0
550,39.0,1.0,128.6,2,1,1
551,44.0,2.0,183.4,2,1,1
552,42.0,1.5,146.6,3,1,1
553,41.5,1.5,177.0,3,1,1
554,40.5,1.0,199.0,3,1,0
555,41.5,2.0,147.5,3,1,0
556,405.0,1.0,92.0,3,1,0
557,44.0,2.0,188.0,3,1,1
558,41.5,2.0,101.0,3,1,1
559,40.5,2.0,94.0,3,1,0
560,40.0,2.0,102.0,3,1,0
561,45.0,2.0,102.0,3,1,1
562,43.0,2.0,98.0,3,1,1
563,42.5,1.5,55.0,2,1,1
564,40.0,1.0,107.0,3,1,1
565,40.0,1.5,66.0,3,1,1
566,41.0,1.0,69.0,3,1,1
567,40.0,1.0,761.0,3,1,0
568,43.0,1.3,0.0,0,1,1
569,34.5,0.65,0.0,3,1,1
570,43.0,1.2,0.0,4,1,0
571,40.0,1.1,0.0,3,1,1
572,40.0,1.3,0.0,3,1,1
573,39.5,1.0,0.0,3,1,1
574,39.0,0.9,0.0,3,1,1
575,47.4,1.7,0.0,3,1,1
576,39.0,0.96,0.0,2,1,1
577,43.5,1.5,0.0,3,1,1
578,40.0,0.95,0.0,3,1,1
579,39.7,0.94,0.0,3,1,1
580,42.5,1.3,61.74,3,1,0
581,62.0,2.7,0.0,3,1,1
582,48.0,0.4,40.0,0,1,0
583,47.5,1.6,0.0,0,1,0
584,49.3,1.6,0.0,1,1,1
585,49.5,1.5,0.0,2,1,1
586,50.0,1.6,0.0,4,1,0
587,63.0,3.2,53.8,4,1,0
588,41.0,1.21,78.36,2,1,0
589,59.28,8.64,69.63836201191265,2,1,0
590,33.0,0.505,69.63836201191265,2,1,1
591,32.0,0.505,69.63836201191265,2,1,1
592,60.0,3.714,85.76,3,1,0
593,52.0,1.815,69.63836201191265,0,1,1
594,66.5,5.3,150.72,3,1,0
595,42.0,1.14,22.11,3,1,0
596,42.5,1.145,61.53,3,1,0
597,41.0,0.98,69.63836201191265,2,1,1
598,40.0,0.85,77.84,3,1,0
599,39.0,0.86,54.7,2,1,0
600,85.76,6.98,69.63836201191265,3,1,0
601,61.14,3.7,61.14,3,1,0
602,66.0,4.615,143.13,3,1,0
603,64.0,3.96,69.63836201191265,0,1,1
604,40.5,1.055,36.055,3,1,0
605,40.0,1.075,39.25,3,1,0
606,40.0,0.975,69.63836201191265,2,1,1
607,42.0,1.095,19.53,3,1,0
608,60.0,2.86,77.46,4,2,0
609,57.0,2.93,37.58,4,2,0
610,58.0,2.98,66.65,3,2,0
611,63.0,3.62,136.56,2,2,0
612,61.0,3.22,83.61,3,2,1
613,55.0,2.52,34.27,1,2,0
614,62.0,2.61,140.01,2,2,0
615,63.0,3.52,83.61,2,2,1
616,60.0,3.53,174.65,3,2,0
617,60.0,3.42,138.7,3,2,0
618,58.5,2.99,23.34,1,2,0
619,60.0,2.9,72.25,1,2,0
620,55.0,2.48,110.0,3,2,0
621,58.5,3.09,106.61,3,2,0
622,61.0,3.333,65.31,1,2,1
623,60.0,3.435,115.63,2,2,1
624,59.0,3.18,101.56,1,2,1
625,58.0,2.79,60.85,3,2,0
626,62.0,3.06,83.31,3,2,0
627,60.0,3.19,61.03,1,2,1
628,61.0,30.055,109.69,2,2,0
629,60.0,3.28,42.14,1,2,0
630,58.0,3.04,29.64,1,2,1
631,62.0,3.466,130.0,3,2,0
632,61.0,3.86,96.69,2,2,0
633,58.0,2.806,66.94,1,2,1
634,58.5,3.08,54.91,2,2,0
635,60.0,2.78,22.54,1,2,1
636,60.0,3.095,83.43,1,2,0
637,59.5,3.185,38.33,2,2,1
638,61.9,3.835,104.2,3,2,0
639,58.5,3.4,40.92,2,2,1
640,55.0,2.6,9.3,4,2,0
641,57.0,2.905,45.9,2,2,0
642,56.0,2.905,69.63836201191265,1,2,0
643,46.0,1.54,69.63836201191265,1,2,1
644,47.0,1.5,69.63836201191265,1,2,1
645,53.8,2.23,2.37,0,2,1
646,56.7,2.615,5.04,0,2,1
647,51.7,1.87,6.3,0,2,0
648,51.2,1.86,1.06,0,2,1
649,46.8,1.51,2.75,0,2,0
650,54.1,2.345,13.5,0,2,0
651,88.1,1.615,0.64,0,2,1
652,54.4,2.46,14.83,0,2,0
653,54.3,2.43,2.59,0,2,1
654,47.6,1.605,0.68,0,2,0
655,50.5,1.99,4.11,0,2,1
656,48.7,1.68,2.48,0,2,0
657,55.6,2.6,14.51,0,2,0
658,46.3,1.415,0.37,0,2,1
659,50.1,1.89,2.39,0,2,0
660,470.0,1.6,1.81,0,2,0
661,60.0,3.0,14.57,0,2,0
662,58.1,2.93,15.17,0,2,0
663,59.4,6.226,17.93,0,2,0
664,60.0,6.58,8.84,0,2,1
665,65.59,97.41,30.95,1,2,0
666,56.2,2.66,3.14,0,2,1
667,54.6,1.435,0.16,0,2,1
668,55.5,2.515,16.61,0,2,0
669,51.5,1.765,0.93,0,2,1
670,54.8,2.37,15.3,0,2,0
671,51.6,0.215,15.0,0,2,0
672,58.1,2.87,7.91,0,2,1
673,46.3,1.64,0.67,0,2,1
674,49.5,2.045,19.05,0,2,0
675,55.1,2.775,13.72,0,2,0
676,51.3,1.895,4.01,0,2,0
677,49.9,1.815,4.17,0,2,0
678,60.1,3.015,4.25,0,2,1
679,42.0,1.045,104.3,3,2,0
680,45.0,1.325,192.3,3,2,0
681,55.4,2.52,12.28,1,2,1
682,56.04,3.08,47.9,2,2,1
683,59.0,2.88,2.39,0,2,1
684,54.7,2.52,3.23,0,2,1
685,58.4,3.455,83.33,2,2,0
686,57.0,2.67,8.53,0,2,1
687,58.1,2.706,20.64,0,2,0
688,49.1,1.765,0.36,0,2,1
689,58.5,2.785,5.08,0,2,1
690,58.1,2.66,2.41,0,2,1
691,56.5,2.95,70.0,3,2,0
692,52.0,2.84,49.26,3,2,0
693,56.3,2.91,70.95,3,2,1
694,55.3,2.82,14.22,1,2,1
695,53.4,2.74,111.72,3,2,0
696,53.5,2.32,43.19,2,2,0
697,50.4,2.26,45.6,2,2,0
698,56.2,3.01,97.92,3,2,0
699,55.9,3.14,12.99,1,2,1
700,56.2,2.47,24.1,4,2,0
701,49.3,2.2,56.57,3,2,1
702,53.6,2.42,32.82,2,2,0
703,55.9,2.56,80.44,3,2,1
704,56.1,2.98,27.56,1,2,0
705,56.0,2.95,34.38,2,2,1
706,54.5,2.68,4.44,0,2,0
707,56.0,2.84,40.47,2,2,1
708,55.5,2.96,22.47,2,2,1
709,56.1,2.84,7.5,1,2,1
710,51.6,2.45,11.55,2,2,0
711,56.8,3.23,65.11,3,2,0
712,55.0,2.5,24.82,1,2,1
713,53.0,2.65,103.41,3,2,0
714,57.7,3.16,103.75,3,2,0
715,56.0,3.17,27.14,4,2,0
716,53.8,2.73,63.08,1,2,0
717,55.0,2.9,41.63,2,2,0
718,55.0,2.77,70.71,3,2,0
719,54.8,2.83,22.66,1,2,0
720,56.1,2.878,11.38,1,2,1
721,59.4,3.8,5.08,1,2,1
722,59.5,2.91,4.71,1,2,1
723,59.5,3.05,4.47,1,2,1
724,62.5,3.9,2.02,0,2,1
725,60.7,3.54,4.79,0,2,0
726,57.1,3.2,17.02,4,2,0
727,59.5,3.1,2.7,1,2,1
728,61.5,3.19,19.05,4,2,0
729,62.5,3.4,2.67,1,2,1
730,61.6,2.55,1.8,0,2,1
731,58.0,2.9,5.91,0,2,1
732,55.4,2.53,80.44,3,2,1
733,50.1,2.48,27.56,1,2,0
734,59.0,3.065,22.6,0,2,0
735,61.0,3.49,56.9,2,2,0
736,58.0,3.015,23.5,1,2,0
737,58.0,2.94,17.6,1,2,0
738,42.0,1.225,39.3,2,2,0
739,43.0,1.285,0.0,1,2,1
740,61.0,3.38,0.0,1,2,1
741,64.0,3.43,49.1,2,2,0
742,57.0,3.17,14.0,1,2,0
743,58.0,3.35,74.1,2,2,0
744,62.0,3.775,21.9,1,2,0
745,59.0,3.06,17.5,1,2,0
746,59.0,3.235,20.3,1,2,0
747,59.0,2.95,23.8,1,2,0
748,65.0,4.27,0.0,2,2,1
749,59.0,2.95,23.8,1,2,0
750,40.0,1.349,6.94,1,2,0
751,47.0,1.38,2.08,1,2,1
752,45.0,1.338,5.46,1,2,0
753,45.0,1.269,0.54,1,2,1
754,47.0,1.448,0.54,1,2,1
755,45.0,1.248,1.13,0,2,1
756,43.0,1.217,1.4,0,2,1
757,46.0,1.217,1.51,1,2,1
758,43.0,1.147,2.0,0,2,0
759,44.0,1.248,3.75,1,2,0
760,45.5,1.229,2.39,1,2,0
761,46.0,1.289,5.12,1,2,0
762,45.0,1.305,2.1,1,2,1
763,45.5,1.3,3.54,1,2,0
764,44.0,1.339,3.34,1,2,0
765,44.0,1.218,5.07,1,2,0
766,45.0,1.22,5.08,1,2,0
767,43.5,1.178,2.62,1,2,0
768,45.0,1.128,0.66,0,2,1
769,45.0,1.21,3.45,1,2,0
770,44.0,1.24,0.83,0,2,1
771,45.0,1.32,0.31,0,2,0
772,46.0,1.46,7.88,1,2,0
773,44.0,1.315,3.46,1,2,0
774,45.0,1.38,3.09,1,2,0
775,44.0,1.345,3.7,1,2,1
776,45.5,1.345,2.07,1,2,1
777,46.0,1.23,1.08,0,2,1
778,45.5,1.315,22.06,2,2,0
779,45.0,1.24,6.64,1,2,0
780,92.0,13.5,255.0,3,2,0
781,94.5,13.5,49.0,3,2,0
782,76.0,6.5,0.0,4,2,1
783,104.0,19.5,359.24,3,2,1
784,95.0,15.5,359.24,3,2,1
785,94.0,13.85,236.97,3,2,1
786,78.0,11.0,190.76,3,2,0
787,103.0,17.0,152.0,3,2,1
788,96.0,14.0,361.85,3,2,0
789,96.0,15.0,384.89,3,2,0
790,101.5,17.5,363.33,3,2,0
791,87.0,11.5,168.86,3,2,1
792,95.0,13.5,307.27,2,2,0
793,92.0,14.0,238.94,3,2,1
794,100.0,17.0,105.23,3,2,1
795,105.5,18.0,178.49,3,2,1
796,53.0,2.0,0.0,3,2,1
797,52.0,1.9,0.0,3,2,1
798,54.0,1.8,0.0,3,2,1
799,48.8,1.5,0.0,3,2,1
800,55.0,1.4,10.86,4,2,0
801,47.0,1.3,0.0,1,2,1
802,47.4,1.4,147.04,3,2,0
803,61.0,2.7,0.0,3,2,1
804,55.0,1.8,50.4,3,2,0
805,61.0,2.6,105.65,3,2,0
806,46.0,1.2,121.35,3,2,0
807,50.0,1.3,0.0,3,2,1
808,53.0,1.4,48.72,3,2,0
809,61.0,2.6,0.0,3,2,1
810,59.0,2.2,0.0,3,2,1
811,63.5,2.8,0.0,3,2,1
812,53.0,1.5,0.0,3,2,1
813,59.0,2.7,0.0,3,2,1
814,53.0,1.6,207.3,3,2,1
815,61.0,3.0,247.0,3,2,0
816,62.0,2.6,77.23,3,2,0
817,61.0,2.6,0.0,3,2,1
818,59.0,2.7,176.05,3,2,0
819,62.0,3.0,0.0,3,2,1
820,62.0,2.8,0.0,3,2,1
821,57.0,2.0,0.0,3,2,1
822,60.0,2.4,134.06,3,2,0
823,53.0,1.4,0.0,3,2,1
824,44.0,1.4,0.0,1,2,1
825,48.0,1.2,0.0,3,2,1
826,61.0,3.0,69.63836201191265,3,2,1
827,59.1,2.8,0.0,3,2,1
828,57.1,2.2,23.7,3,2,0
829,65.2,2.8,0.0,4,2,0
830,61.6,3.0,0.0,3,2,1
831,57.1,2.2,39.14,3,2,0
832,64.1,3.2,0.0,3,2,1
833,59.2,3.0,112.58,3,2,0
834,59.1,2.8,114.34,3,2,0
835,57.9,2.0,0.0,3,2,1
836,56.5,1.6,0.0,3,2,1
837,61.5,3.2,47.14,3,2,0
838,60.5,1.6,0.0,3,2,1
839,56.1,2.2,0.0,4,2,0
840,59.1,2.8,0.0,3,2,1
841,57.1,2.2,23.7,3,2,0
842,65.2,2.8,0.0,4,2,0
843,61.6,3.0,0.0,3,2,1
844,57.1,2.2,39.14,3,2,0
845,64.1,3.2,0.0,3,2,1
846,59.2,3.0,112.58,3,2,0
847,59.1,2.8,114.34,3,2,0
848,57.9,2.0,0.0,3,2,1
849,56.5,1.6,0.0,3,2,1
850,61.5,3.2,47.14,3,2,0
851,60.5,1.6,0.0,3,2,1
852,56.1,2.2,0.0,4,2,0
853,54.2,1.6,50.32,4,2,0
854,57.1,1.7,59.78,3,2,0
855,43.7,1.0,0.0,1,2,1
856,54.2,1.6,85.85,3,2,0
857,56.4,2.1,46.24,3,2,0
858,55.5,1.7,54.2,3,2,0
859,58.5,2.4,0.0,3,2,1
860,62.4,3.1,0.0,3,2,1
861,50.2,1.2,100.08,3,2,0
862,56.9,1.7,58.36,3,2,0
863,58.7,1.7,0.0,3,2,1
864,55.5,2.3,0.0,1,2,1
865,54.0,1.7,24.39,3,2,0
866,56.8,2.0,40.78,3,2,0
867,61.0,3.4,0.0,3,2,1
868,60.1,2.6,0.0,3,2,1
869,56.2,2.0,57.11,3,2,0
870,53.0,1.6,0.0,3,2,1
871,42.2,1.26,0.0,0,2,1
872,44.0,1.26,2.61,0,2,1
873,44.0,1.285,0.0,0,2,1
874,42.0,1.26,0.0,0,2,0
875,43.4,1.2,0.0,0,2,0
876,43.8,1.145,3.4,1,2,0
877,45.0,1.06,3.01,0,2,1
878,44.0,1.2,6.81,0,2,0
879,43.2,1.215,0.0,0,2,0
880,44.2,1.215,0.0,4,2,0
881,43.4,1.215,3.65,1,2,0
882,43.0,1.125,3.5,1,2,0
883,43.0,1.11,0.0,1,2,0
884,44.0,1.16,6.17,0,2,0
885,43.6,1.02,0.0,4,2,0
886,57.5,1.8,52.21,3,2,0
887,53.5,1.8,54.66,3,2,0
888,65.2,3.8,0.0,3,2,1
889,54.0,3.6,85.85,3,2,0
890,63.3,4.0,0.0,3,2,1
891,61.0,3.1,0.0,2,2,1
892,63.0,4.0,85.92,3,2,0
893,63.0,3.6,102.32,3,2,0
894,56.0,1.5,0.0,2,2,1
895,58.5,2.4,0.0,2,2,1
896,52.0,1.4,0.0,2,2,1
897,59.0,2.7,36.65,4,2,0
898,70.0,4.4,0.0,3,2,1
899,59.3,3.0,0.0,2,2,1
900,67.0,4.8,0.0,3,2,1
901,59.5,2.8,77.61,3,2,0
902,61.3,3.0,0.0,0,2,1
903,57.4,2.6,77.52,3,2,0
904,60.3,2.8,0.0,1,2,1
905,57.0,2.5,80.75,3,2,0
906,58.3,3.0,0.0,3,2,1
907,60.4,2.7,0.0,0,2,0
908,57.2,2.1,51.92,3,2,0
909,57.2,2.4,0.0,3,2,1
910,57.5,2.5,58.52,3,2,0
911,59.0,2.6,0.0,3,2,1
912,57.0,2.4,0.0,4,2,0
913,60.0,3.9,94.97,3,2,0
914,59.4,2.3,84.87,3,2,0
915,57.2,2.5,23.04,4,2,0
916,60.53,3.0,95.76,1,2,1
917,88.53,3.0,179.7,2,2,1
918,63.54,4.0,240.66,3,2,0
919,57.53,5.0,72.77,1,2,1
920,61.0,3.5,22.65,3,2,1
921,56.0,2.6,69.0,3,2,0
922,61.0,3.18,100.0,3,2,0
923,68.0,4.94,69.63836201191265,0,2,1
924,61.0,3.14,104.2,3,2,0
925,58.0,3.0,72.35,2,2,0
926,57.0,2.95,193.0,3,2,0
927,66.0,3.41,116.99,1,2,1
928,61.0,3.33,234.0,3,2,1
929,61.0,3.0,87.96,3,2,0
930,66.0,4.62,98.6,1,2,1
931,60.0,3.35,236.28,3,2,0
932,63.0,3.25,0.0,0,2,1
933,66.0,3.83,157.68,3,2,1
934,63.0,3.78,78.95,1,2,1
935,39.4,0.68,0.0,0,2,1
936,44.0,0.94,0.0,0,2,1
937,41.0,0.78,0.0,0,2,1
938,40.0,0.79,0.0,0,2,1
939,36.6,0.76,0.0,0,2,1
940,43.0,1.13,0.0,0,2,1
941,40.0,0.79,0.0,0,2,1
942,39.0,0.99,1.56,0,2,0
943,39.0,0.76,0.0,0,2,1
944,42.2,1.12,1.79,0,2,0
945,41.0,0.82,0.0,0,2,1
946,43.0,1.17,1.7,0,2,0
947,44.2,1.32,3.86,0,2,0
948,39.0,0.78,0.0,0,2,1
949,39.3,0.95,0.0,0,2,1
950,40.0,0.61,0.0,0,2,1
951,43.0,1.16,0.0,0,2,1
952,42.0,1.08,0.0,0,2,1
953,423.0,0.91,0.0,0,2,1
954,43.0,1.12,3.02,0,2,0
955,39.8,0.73,0.0,0,2,1
956,41.5,1.04,0.0,0,2,1
957,42.0,1.01,0.0,0,2,1
958,41.6,0.69,0.0,0,2,1
959,40.0,0.87,0.0,0,2,1
960,41.5,0.83,3.1,0,2,0
961,40.5,0.72,0.0,0,2,0
962,40.5,8.7,0.0,0,2,1
963,41.0,0.86,1.91,0,2,0
964,41.0,0.82,0.0,0,2,1
965,38.0,0.91,69.63836201191265,1,2,1
966,40.0,1.125,69.63836201191265,1,2,1
967,39.0,9.55,69.63836201191265,1,2,1
968,38.0,0.965,69.63836201191265,1,2,1
969,40.0,1.045,38.3,2,2,0
970,44.0,1.4,69.63836201191265,1,2,1
971,43.0,1.165,69.63836201191265,1,2,1
972,41.0,1.02,69.63836201191265,1,2,1
973,40.0,1.085,69.63836201191265,1,2,1
974,37.0,0.91,0.0,1,2,1
975,39.0,0.96,62.0,3,2,0
976,42.0,0.265,88.3,3,2,0
977,62.0,2.1,75.7,2,2,0
978,58.0,2.715,69.63836201191265,1,2,1
979,68.0,5.125,69.63836201191265,1,2,1
980,48.0,1.685,69.63836201191265,1,2,1
981,41.0,1.12,69.63836201191265,1,2,1
982,45.0,1.6,147.1,3,2,0
983,46.0,1.63,160.3,3,2,0
984,43.0,1.235,69.63836201191265,1,2,1
985,63.0,4.285,69.63836201191265,1,2,1
986,59.0,3.265,69.63836201191265,1,2,1
987,47.0,1.735,81.6,3,2,0
988,47.0,1.81,69.63836201191265,1,2,1
989,50.0,2.135,69.63836201191265,1,2,1
990,56.5,2.6,72.77,3,2,0
991,51.5,1.8,38.29,3,2,0
992,50.0,1.8,89.99,3,2,0
993,49.0,1.8,0.0,4,2,0
994,47.0,1.6,0.0,4,2,0
995,48.0,1.7,0.0,4,2,0
996,50.0,1.7,0.0,4,2,0
997,50.0,1.6,0.0,4,2,0
998,49.7,1.6,0.0,4,2,0
999,50.5,1.8,0.0,3,2,1
1000,49.0,1.6,0.0,3,2,1
1001,49.5,1.6,0.0,3,2,1
1002,49.5,1.7,0.0,4,2,0
1003,47.0,1.6,35.66,3,2,0
1004,60.5,4.0,195.44,3,2,1
1005,61.4,4.0,91.35,3,2,0
1006,58.2,21.98,80.0,3,2,0
1007,63.0,3.795,108.52,3,2,0
1008,64.0,4.04,226.7,3,2,0
1009,62.5,3.75,135.6,3,2,1
1010,62.7,3.73,136.47,3,2,1
1011,65.7,3.99,219.08,3,2,1
1012,68.0,4.81,241.53,3,2,1
1013,58.0,3.6,188.13,3,2,0
1014,58.2,3.04,161.01,3,2,0
1015,59.0,3.035,19.12,4,2,0
1016,58.4,2.915,90.5,1,2,1
1017,63.0,3.69,135.02,1,2,1
1018,63.0,3.96,235.84,3,2,0
1019,95.0,4.63,92.83,1,2,1
1020,69.0,4.5,251.48,3,2,1
1021,63.0,3.9,182.4,2,2,1
1022,59.0,3.125,259.48,3,2,0
1023,64.0,4.38,18.77,3,2,1
1024,63.0,3.835,224.85,3,2,0
1025,63.0,3.87,237.6,3,2,0
1026,60.0,3.23,235.2,3,2,0
1027,67.0,4.44,161.66,2,2,0
1028,70.0,5.65,196.13,1,2,1
1029,58.0,2.81,250.28,3,2,1
1030,67.0,4.5,194.01,2,2,1
1031,60.0,2.73,167.38,3,2,0
1032,63.0,3.96,235.84,3,2,0
1033,97.0,3.83,217.69,3,2,0
1034,59.0,3.45,206.32,2,2,1
1035,56.5,3.5,206.99,3,2,0
1036,56.0,4.0,170.07,3,2,0
1037,52.0,2.552,65.92,3,2,0
1038,52.0,2.5,38.5,1,2,1
1039,56.0,3.5,265.4,3,2,1
1040,57.5,4.0,189.54,3,2,0
1041,53.0,2.5,104.19,3,2,0
1042,54.0,3.0,112.35,3,2,0
1043,59.0,4.0,114.0,1,2,1
1044,60.0,4.0,97.4,3,2,1
1045,61.0,4.0,231.0,2,2,1
1046,57.0,2.5,135.0,3,2,0
1047,48.0,2.0,72.69,2,2,1
1048,56.0,2.5,165.52,3,2,0
1049,60.0,4.0,169.23,3,2,1
1050,59.0,4.5,168.46,3,2,1
1051,58.0,4.0,207.87,3,2,0
1052,58.0,2.5,182.59,3,2,0
1053,57.5,2.5,179.17,3,2,1
1054,55.0,3.0,116.83,3,2,0
1055,56.0,3.0,167.25,2,2,0
1056,57.0,4.5,161.34,3,2,1
1057,56.5,4.5,147.61,3,2,1
1058,50.0,2.0,111.25,2,2,1
1059,54.5,2.5,93.26,2,2,0
1060,54.0,3.0,109.93,2,2,1
1061,56.0,4.0,189.8,3,2,0
1062,54.5,3.5,97.89,3,2,0
1063,55.5,3.5,117.5,3,2,0
1064,57.0,4.5,107.23,0,2,0
1065,67.0,4.5,69.63836201191265,3,2,1
1066,57.0,3.0,413.5,3,2,0
1067,60.0,46.0,560.0,3,2,1
1068,58.0,3.0,600.0,3,2,1
1069,56.0,3.5,241.6,4,2,0
1070,55.0,2.5,213.9,3,2,0
1071,56.0,3.5,395.5,2,2,1
1072,56.0,3.5,373.3,3,2,0
1073,53.0,2.5,204.1,3,2,1
1074,56.0,3.5,433.83,3,2,0
1075,56.0,2.5,328.0,4,2,0
1076,55.0,3.0,274.9,4,2,0
1077,53.0,2.5,372.3,3,2,0
1078,56.0,3.0,437.5,3,2,0
1079,56.0,2.5,447.5,3,2,0
1080,57.0,2.5,291.1,3,2,1
1081,57.5,2.5,69.63836201191265,3,2,1
1082,57.5,2.5,556.2,3,2,1
1083,56.5,2.5,261.8,3,2,0
1084,54.0,3.0,297.4,3,2,1
1085,56.0,2.5,453.2,3,2,0
1086,57.0,3.0,430.3,3,2,0
1087,52.0,2.5,192.2,1,2,1
1088,54.0,3.0,214.0,3,2,1
1089,53.0,3.0,69.63836201191265,3,2,1
1090,56.0,3.5,184.5,2,2,1
1091,53.5,2.0,443.9,3,2,0
1092,54.0,3.0,244.2,3,2,1
1093,54.0,3.0,219.2,4,2,0
1094,53.0,3.0,175.0,4,2,0
1095,58.0,3.5,532.8,4,2,0
1096,194.0,26.0,50.0,3,2,0
1097,202.0,31.0,165.0,3,2,0
1098,190.0,27.0,35.0,3,2,0
1099,180.0,25.5,100.0,1,2,0
1100,200.0,37.0,260.0,2,2,0
1101,155.0,29.0,69.63836201191265,0,2,1
1102,57.5,2.67,86.93,3,2,0
1103,51.5,2.29,44.65,3,2,0
1104,52.0,2.7,47.34,2,2,0
1105,57.1,2.74,31.67,3,2,0
1106,59.0,2.74,66.51,3,2,0
1107,55.0,2.33,0.0,3,2,1
1108,56.2,2.7,0.0,3,2,1
1109,56.2,2.7,0.0,3,2,1
1110,65.0,4.465,116.5,2,2,0
1111,59.5,3.001,187.82,2,2,0
1112,47.0,1.6,0.0,2,2,1
1113,48.5,1.8,0.0,0,2,1
1114,51.0,2.0,17.66,1,2,0
1115,49.8,2.0,4.99,1,2,1
1116,45.0,1.6,0.25,0,2,1
1117,46.0,1.6,4.83,0,2,0
1118,47.0,1.7,0.0,0,2,1
1119,49.5,2.2,3.86,1,2,0
1120,55.0,2.6,7.37,2,2,1
1121,44.0,1.4,1.45,0,2,0
1122,46.0,1.5,4.72,0,2,0
1123,44.0,3.96,3.96,0,2,0
1124,44.7,1.4,0.91,0,2,1
1125,51.0,2.0,0.75,0,2,1
1126,44.5,1.4,2.84,0,2,1
1127,47.0,1.6,2.2,0,2,1
1128,47.3,1.6,1.79,0,2,1
1129,48.2,1.9,6.47,1,2,0
1130,49.5,2.2,7.98,1,2,1
1131,47.0,1.6,4.07,1,2,1
1132,50.0,2.1,6.49,1,2,0
1133,60.0,3.8,0.0,2,2,1
1134,55.0,2.5,0.0,0,2,1
1135,58.5,3.9,115.91,3,2,0
1136,53.4,2.4,13.62,0,2,1
1137,50.0,2.0,0.0,0,2,1
1138,64.0,4.1,69.63836201191265,2,2,1
1139,65.0,3.99,69.63836201191265,1,2,1
1140,63.0,3.385,115.29,2,2,0
1141,59.5,2.955,67.13,2,2,0
1142,59.0,3.225,69.63836201191265,1,2,1
1143,115.0,26.8,194.19,3,3,1
1144,88.0,13.0,59.33,2,3,1
1145,61.0,4.523,2.61,0,3,1
1146,57.0,3.35,69.63836201191265,2,3,1
1147,56.0,3.155,54.0,2,3,0
1148,50.0,3.025,38.5,2,3,0
1149,60.0,3.38,27.0,1,3,0
1150,59.0,4.22,69.63836201191265,2,3,1
1151,68.0,6.08,79.1,3,3,0
1152,59.0,4.005,129.2,3,3,0
1153,62.0,4.445,163.3,3,3,0
1154,58.0,3.575,69.63836201191265,2,3,1
1155,59.4,3.546,42.49,2,3,0
1156,58.6,2.955,60.66,2,3,0
1157,55.1,2.883,52.73,2,3,1
1158,57.3,3.421,60.52,2,3,1
1159,56.2,3.08,61.94,2,3,1
1160,55.8,3.601,49.6,2,3,1
1161,57.0,3.18,48.47,2,3,0
1162,55.2,2.88,37.55,1,3,0
1163,50.0,2.515,69.63836201191265,2,3,1
1164,58.0,3.465,69.63836201191265,1,3,1
1165,57.0,3210.0,69.63836201191265,2,3,1
1166,58.0,3.31,210.3,3,3,0
1167,60.0,3.86,57.4,2,3,0
1168,55.0,2.875,69.63836201191265,2,3,1
1169,54.1,2.82,54.11,2,3,1
1170,57.3,3.44,112.26,3,3,0
1171,57.4,2.785,17.61,0,3,1
1172,54.2,2.72,17.72,1,3,1
1173,54.7,3.13,22.32,1,3,1
1174,55.9,3.075,61.07,2,3,1
1175,56.3,3.09,133.54,3,3,0
1176,56.5,3.11,15.03,1,3,1
1177,62.4,4.585,264.91,3,3,0
1178,59.5,3.55,4.31,0,3,1
1179,59.4,3.9,30.11,1,3,1
1180,53.4,2.735,31.03,1,3,1
1181,65.0,2.905,48.94,2,3,1
1182,59.7,3.926,33.19,1,3,1
1183,52.1,2.615,27.46,1,3,1
1184,56.6,3.365,58.46,2,3,0
1185,61.3,3.59,58.41,2,3,0
1186,57.2,3.24,84.08,3,3,0
1187,58.6,3.535,44.23,2,3,1
1188,55.0,3.0,22.42,4,3,0
1189,60.1,3.6,40.79,5,3,0
1190,57.4,3.2,38.68,4,3,0
1191,59.7,3.1,16.16,2,3,1
1192,59.1,3.2,28.97,4,3,0
1193,54.5,2.7,36.14,2,3,1
1194,58.5,3.3,34.23,4,3,0
1195,57.0,3.3,46.03,3,3,0
1196,58.0,3.3,18.58,2,3,1
1197,59.7,3.1,14.63,3,3,1
1198,57.0,3.1,24.73,2,3,1
1199,57.0,3.5,32.73,3,3,0
1200,59.0,3.5,41.04,2,3,1
1201,60.0,3.09,35.11,3,3,0
1202,58.5,3.5,66.41,5,3,1
1203,56.0,2.9,36.74,4,3,0
1204,57.5,3.3,30.74,4,3,0
1205,57.5,2.75,21.51,1,3,0
1206,55.5,2.88,27.3,4,3,0
1207,61.0,3.5,22.16,4,3,0
1208,57.2,2.6,21.92,4,3,0
1209,57.5,2.9,26.45,4,3,0
1210,60.0,2.4,34.69,4,3,0
1211,57.5,2.47,31.86,4,3,0
1212,60.5,3.08,0.0,3,3,1
1213,61.0,3.09,47.63,4,3,0
1214,59.0,3.04,42.73,4,3,0
1215,57.5,3.04,51.07,3,3,0
1216,58.5,3.06,40.63,4,3,0
1217,58.4,3.02,47.74,3,3,0
1218,57.0,2.2,0.0,2,3,1
1219,57.0,3.0,39.32,2,3,1
1220,59.0,3.305,28.6,1,3,1
1221,60.0,4.055,0.0,1,3,1
1222,63.0,4.255,12.5,1,3,0
1223,57.0,3.25,24.3,1,3,0
1224,57.0,2.95,10.6,1,3,0
1225,61.0,3.93,37.6,1,3,0
1226,58.0,3.7,30.4,1,3,0
1227,59.0,4.035,0.0,2,3,1
1228,60.0,4.045,41.9,1,3,0
1229,64.0,4.87,44.4,2,3,0
1230,55.0,3.025,0.0,2,3,1
1231,61.0,3.84,0.0,2,3,1
1232,52.0,2.35,35.1,1,3,0
1233,52.0,2.37,35.8,1,3,0
1234,56.0,2.82,0.0,1,3,1
1235,53.9,2.0,0.0,3,3,1
1236,59.8,3.7,0.0,3,3,1
1237,62.1,4.5,0.0,3,3,1
1238,63.3,4.1,357.61,3,3,0
1239,62.1,4.1,0.0,3,3,1
1240,51.3,2.0,62.35,3,3,0
1241,53.9,2.3,0.0,3,3,1
1242,53.5,1.8,0.0,2,3,1
1243,62.3,4.2,0.0,3,3,1
1244,60.3,3.9,0.0,3,3,1
1245,71.2,6.3,0.0,3,3,1
1246,60.7,3.4,0.0,2,3,1
1247,51.4,2.1,0.0,3,3,1
1248,62.0,4.4,0.0,3,3,1
1249,64.1,4.9,0.0,3,3,1
1250,62.3,4.0,0.0,3,3,1
1251,52.5,2.2,0.0,3,3,1
1252,62.0,4.1,0.0,3,3,1
1253,52.1,2.2,0.0,3,3,1
1254,53.4,2.5,0.0,2,3,1
1255,61.1,3.6,90.92,3,3,0
1256,62.9,4.0,125.56,3,3,0
1257,52.0,1.9,0.0,3,3,1
1258,55.2,2.4,0.0,3,3,1
1259,59.3,3.1,0.0,3,3,1
1260,54.5,2.2,0.0,2,3,1
1261,69.4,5.6,0.0,3,3,1
1262,53.0,1.6,0.0,2,3,1
1263,64.4,3.6,0.0,3,3,1
1264,51.0,1.8,78.01,3,3,0
1265,58.0,3.74,69.63836201191265,2,3,1
1266,57.0,3.095,69.63836201191265,3,3,1
1267,51.0,2.435,52.4,2,3,0
1268,50.0,2.435,69.63836201191265,2,3,1
1269,49.0,2.265,69.63836201191265,2,3,1
1270,48.0,2.0,69.63836201191265,3,3,1
1271,57.0,2.69,69.63836201191265,3,3,1
1272,53.0,2.955,69.63836201191265,3,3,1
1273,55.0,2.65,69.63836201191265,3,3,1
1274,50.0,2.31,69.63836201191265,3,3,1
1275,56.0,2.98,71.4,3,3,0
1276,63.0,2.66,69.63836201191265,3,3,1
1277,55.6,3.0,0.0,0,3,1
1278,64.3,5.2,0.0,3,3,1
1279,62.2,4.6,0.0,3,3,1
1280,58.2,3.1,0.0,3,3,1
1281,58.1,3.4,115.61,3,3,0
1282,52.7,2.1,80.45,3,3,0
1283,59.0,3.3,0.0,3,3,1
1284,57.1,3.4,0.0,3,3,1
1285,53.0,1.5,0.0,3,3,1
1286,62.6,4.2,0.0,3,3,1
1287,64.1,4.3,0.0,3,3,1
1288,51.3,1.7,0.0,3,3,1
1289,60.5,3.5,0.0,3,3,1
1290,49.7,1.9,0.0,2,3,1
1291,58.2,3.1,0.0,3,3,1
1292,54.3,1.7,0.0,3,3,1
1293,52.6,3.7,0.0,4,3,1
1294,54.1,2.0,0.0,3,3,1
1295,50.6,1.8,0.0,3,3,1
1296,57.4,3.0,0.0,2,3,1
1297,53.7,1.5,0.0,3,3,1
1298,62.0,4.0,0.0,3,3,1
1299,67.0,4.8,130.79,3,3,0
1300,52.1,1.6,0.0,2,3,1
1301,52.8,2.2,68.0,3,3,0
1302,69.3,4.3,208.0,3,3,0
1303,56.0,1.8,0.0,2,3,1
1304,62.5,4.1,0.0,2,3,1
1305,51.2,1.3,0.0,2,3,1
1306,58.0,3.5,0.0,3,3,1
1307,65.7,4.7,121.24,3,3,0
1308,60.9,4.2,0.0,3,3,1
1309,51.0,2.0,0.0,1,3,1
1310,58.0,3.9,95.1,3,3,0
1311,54.0,2.885,69.63836201191265,2,3,1
1312,53.0,2.6,122.3,3,3,0
1313,57.0,3.215,69.63836201191265,0,3,1
1314,53.0,2.65,69.63836201191265,0,3,1
1315,55.0,2.75,69.63836201191265,0,3,1
1316,54.0,2.4,81.23,3,3,0
1317,48.6,1.9,109.95,3,3,0
1318,56.5,2.9,80.14,3,3,0
1319,53.0,2.1,0.0,2,3,1
1320,53.0,2.0,21.6,3,3,0
1321,48.6,1.3,76.35,3,3,0
1322,53.0,2.0,61.66,3,3,0
1323,53.0,2.4,55.27,3,3,0
1324,51.0,1.7,0.0,2,3,1
1325,61.0,4.0,0.0,3,3,1
1326,56.0,3.0,22.57,4,3,0
1327,53.0,2.0,0.0,3,3,1
1328,56.0,2.8,0.0,0,3,1
1329,55.0,2.1,0.0,2,3,1
1330,57.2,3.0,101.55,3,3,0
1331,62.5,4.0,119.35,3,3,0
1332,54.2,2.7,0.0,2,3,1
1333,52.6,2.2,85.88,3,3,0
1334,53.4,2.8,0.0,2,3,1
1335,60.2,3.9,107.19,3,3,0
1336,52.0,2.0,68.3,3,3,0
1337,54.0,2.1,84.17,3,3,0
1338,51.0,1.8,66.27,3,3,0
1339,49.2,2.5,12.99,1,3,0
1340,49.5,1.6,60.53,3,3,0
1341,56.0,2.8,0.0,2,3,1
1342,51.4,2.3,0.0,3,3,1
1343,50.8,2.0,66.63,3,3,0
1344,54.3,2.0,0.0,2,3,1
1345,57.4,2.8,0.0,3,3,1
1346,56.6,3.0,73.69,3,3,0
1347,55.0,2.2,0.0,3,3,1
1348,56.8,3.1,0.0,3,3,1
1349,52.0,2.4,0.0,3,3,1
1350,54.0,2.655,136.3,2,3,0
1351,56.0,2.785,69.63836201191265,1,3,1
1352,59.0,2.465,51.3,1,3,0
1353,41.0,1.235,125.1,3,3,0
1354,53.0,2.53,69.63836201191265,1,3,1
1355,52.0,2.255,100.7,3,3,0
1356,58.0,2.66,69.63836201191265,1,3,1
1357,55.0,2.84,69.63836201191265,1,3,1
1358,54.5,2.74,69.63836201191265,1,3,1
1359,57.0,3.05,69.63836201191265,1,3,1
1360,56.0,3.96,69.63836201191265,1,3,1
1361,60.0,4.27,49.6,2,3,0
1362,63.0,4.62,69.63836201191265,1,3,1
1363,62.0,3.745,69.63836201191265,1,3,1
1364,50.0,1.5,69.63836201191265,1,3,1
1365,54.0,2.0,58.1,2,3,0
1366,51.0,2.385,69.63836201191265,1,3,1
1367,69.0,4.535,69.63836201191265,1,3,1
1368,58.0,2.655,56.0,2,3,0
1369,60.0,3.245,69.63836201191265,1,3,1
1370,58.0,2.94,69.63836201191265,1,3,1
1371,59.0,3.18,69.63836201191265,1,3,1
1372,63.0,4.285,69.63836201191265,0,3,0
1373,68.5,5.5,0.0,3,3,1
1374,62.0,4.3,0.0,3,3,1
1375,69.5,5.5,0.0,3,3,1
1376,71.5,6.4,0.0,3,3,1
1377,71.5,4.8,336.28,3,3,0
1378,66.0,5.4,0.0,3,3,1
1379,65.0,5.4,0.0,3,3,1
1380,68.0,5.2,0.0,3,3,1
1381,63.5,6.0,0.0,3,3,1
1382,66.3,5.4,0.0,3,3,1
1383,65.5,5.4,180.05,3,3,0
1384,63.5,4.2,0.0,2,3,1
1385,48.0,1.7,0.0,4,3,0
1386,47.0,1.5,0.0,4,3,0
1387,50.5,1.9,47.04,2,3,0
1388,49.0,1.8,48.38,3,3,0
1389,48.5,1.6,0.0,4,3,0
1390,75.0,6.2,0.0,3,3,1
1391,65.5,5.1,0.0,3,3,1
1392,63.5,4.7,308.25,3,3,0
1393,62.0,4.5,0.0,3,3,1
1394,64.3,5.2,0.0,3,3,1
1395,66.5,5.2,0.0,2,3,1
1396,62.0,4.4,0.0,3,3,1
1397,61.5,4.8,153.85,3,3,0
1398,69.5,5.0,0.0,3,3,1
1399,60.5,4.3,0.0,3,3,1
1400,58.0,3.2,150.82,3,3,0
1401,70.5,7.0,564.23,3,3,0
1402,62.0,4.6,0.0,3,3,1
1403,66.0,5.0,0.0,2,3,1
1404,67.0,5.2,0.0,3,3,1
1405,61.5,4.4,0.0,3,3,1
1406,64.5,4.9,0.0,3,3,1
1407,64.0,5.0,477.03,3,3,0
1408,61.5,4.2,109.78,3,3,0
1409,63.5,4.7,308.25,3,3,0
1410,58.0,2.49,69.63836201191265,1,3,1
1411,51.0,2.4,129.39,2,3,0
1412,52.0,2.55,69.63836201191265,1,3,1
1413,50.0,2.365,69.63836201191265,2,3,1
1414,53.0,2.81,69.63836201191265,1,3,1
1415,51.0,2.46,69.63836201191265,2,3,1
1416,61.0,3.75,69.63836201191265,2,3,1
1417,51.0,4.275,69.63836201191265,2,3,1
1418,51.0,2.45,69.63836201191265,1,3,1
1419,46.0,1.6,69.63836201191265,2,3,0
1420,45.0,1.7,69.63836201191265,1,3,1
1421,43.0,1.355,69.63836201191265,2,3,1
1422,70.0,5.47,69.63836201191265,1,3,1
1423,58.0,2.5,69.63836201191265,2,3,1
1424,101.0,24.0,69.63836201191265,1,3,1
1425,85.0,14.5,69.63836201191265,1,3,1
1426,99.0,17.0,69.63836201191265,2,3,1
1427,93.0,15.0,69.63836201191265,2,3,1
1428,68.0,5.245,69.63836201191265,0,3,0
1429,66.0,4.528,69.63836201191265,0,3,1
1430,6.256,74.0,69.63836201191265,2,3,1
1431,60.0,3.7,69.63836201191265,0,3,1
1432,60.0,3.89,69.63836201191265,0,3,1
1433,59.0,3.525,69.63836201191265,2,3,1
1434,52.0,2.4,141.98,2,3,0
1435,62.0,4.47,72.85,3,3,0
1436,61.0,8.6,99.18,3,3,0
1437,66.0,5.4,140.24,3,3,0
1438,61.5,4.21,111.59,3,3,0
1439,59.0,3.2,0.0,3,3,1
1440,54.0,2.0,0.0,3,3,1
1441,46.5,1.4,0.0,0,3,1
1442,48.0,1.5,0.0,4,3,0
1443,48.0,1.6,0.0,4,3,0
1444,49.0,1.8,0.0,2,3,1
1445,49.0,1.8,0.0,3,3,1
1446,48.0,1.4,0.0,4,3,0
1447,50.0,1.5,0.0,3,3,1
1448,49.0,1.6,10.57,1,3,0
1449,51.0,1.8,0.0,3,3,1
1450,49.3,1.7,0.0,2,3,1
1451,49.0,1.6,13.4,1,3,0
1452,76.5,6.6,0.0,0,3,1
1453,78.0,6.2,6.64,0,3,0
1454,50.0,2.41,113.41,2,3,0
1455,51.0,5.45,69.63836201191265,2,3,1
1456,55.0,2.855,69.63836201191265,1,3,1
1457,56.0,3.225,131.66,2,3,0
1458,60.0,4.095,101.48,2,3,0
1459,64.4,5.0,60.57,3,3,0
1460,63.0,4.7,65.67,3,3,0
1461,68.0,6.0,0.0,3,3,1
1462,57.0,3.2,0.0,2,3,1
1463,57.0,3.2,97.13,3,3,0
1464,66.5,4.8,153.98,3,3,0
1465,65.0,5.4,124.17,3,3,0
1466,54.0,2.9,0.0,3,3,1
1467,73.5,7.7,119.7,3,3,0
1468,62.5,4.4,131.58,3,3,0
1469,54.0,3.05,0.0,3,3,1
1470,63.0,4.8,78.69,3,3,0
1471,53.0,2.595,68.5,2,3,0
1472,55.5,2.855,46.3,3,3,0
1473,52.5,2.485,129.4,2,3,0
1474,57.0,3.335,69.63836201191265,1,3,1
1475,52.5,2.315,69.63836201191265,0,3,1
1476,54.5,2.665,69.63836201191265,1,3,1
1477,50.0,2.06,69.63836201191265,2,3,1
1478,55.5,3.135,69.63836201191265,1,3,1
1479,53.0,2.325,69.63836201191265,3,3,0
1480,55.0,3.105,69.63836201191265,0,3,1
1481,58.5,3.715,69.63836201191265,3,3,0
1482,61.0,4.43,69.63836201191265,1,3,1
1483,64.0,4.2,74.95,3,3,0
1484,59.4,4.1,99.34,3,3,0
1485,59.0,4.0,64.84,3,3,0
1486,61.3,4.2,67.95,3,3,0
1487,66.0,5.5,126.27,3,3,0
1488,59.5,3.8,89.93,3,3,0
1489,54.5,2.8,44.63,3,3,0
1490,51.0,2.6,15.08,2,3,1
1491,58.0,4.0,35.08,1,3,0
1492,56.0,3.2,27.99,3,3,1
1493,53.0,2.7,21.92,3,3,1
1494,57.5,3.8,73.78,3,3,0
1495,55.0,3.0,38.04,3,3,0
1496,64.0,4.8,71.44,3,3,1
1497,52.0,3.2,29.63,3,3,0
1498,58.4,4.0,40.73,3,3,1
1499,66.0,5.8,76.1,3,3,1
1500,55.2,3.0,20.79,2,3,0
1501,51.4,2.7,22.1,2,3,0
1502,44.5,3.2,38.82,2,3,1
1503,63.0,5.2,69.24,0,3,1
1504,50.5,2.6,6.56,3,3,1
1505,59.0,4.6,53.79,3,3,1
1506,64.0,5.2,128.65,3,3,0
1507,63.0,5.6,88.53,3,3,1
1508,51.5,2.4,18.31,2,3,0
1509,53.0,2.7,24.11,2,3,0
1510,52.0,2.4,19.43,2,3,0
1511,56.0,3.6,37.83,3,3,0
1512,62.5,4.112,102.22,3,3,0
1513,63.3,4.255,216.52,3,3,0
1514,65.2,4.415,0.0,3,3,1
1515,64.0,4.875,0.0,3,3,1
1516,62.5,4.445,132.8,3,3,0
1517,63.7,5.42,0.0,3,3,1
1518,67.0,4.49,0.0,2,3,1
1519,59.0,3.925,0.0,3,3,1
1520,56.0,3.605,0.0,1,3,1
1521,67.0,6.17,0.0,3,3,1
1522,53.0,2.855,69.63836201191265,2,3,1
1523,68.0,6.405,0.0,3,3,1
1524,60.5,4.035,0.0,3,3,1
1525,58.0,3.725,82.89,3,3,0
1526,62.0,3.71,0.0,2,3,1
1527,63.0,3.855,0.0,2,3,1
1528,58.8,3.555,0.0,3,3,1
1529,60.0,3.62,3.62,3,3,0
1530,60.0,4.175,100.44,3,3,0
1531,56.0,3.495,69.63836201191265,2,3,1
1532,63.0,3.855,69.63836201191265,2,3,1
1533,51.0,2.395,120.78,3,3,0
1534,49.0,1.725,75.04,3,3,0
1535,50.0,2.085,69.63836201191265,0,3,0
1536,49.0,2.16,69.63836201191265,2,3,1
1537,49.5,2.115,69.63836201191265,2,3,1
1538,47.0,1.905,69.63836201191265,1,3,1
1539,54.0,2.66,69.63836201191265,1,3,1
1540,60.5,3.9,69.63836201191265,1,3,1
1541,57.0,3.18,104.81,2,3,0
1542,62.0,4.425,163.7,3,3,0
1543,75.0,7.45,69.63836201191265,0,3,1
1544,37.0,0.8,49.87,3,3,0
1545,54.0,2.66,69.63836201191265,1,3,1
1546,67.0,5.85,395.0,2,3,0
1547,57.0,3.64,69.63836201191265,0,3,1
1548,78.0,8.9,224.03,3,4,0
1549,85.0,10.5,57.28,3,4,0
1550,89.0,10.5,0.0,1,4,1
1551,58.0,3.4,0.0,0,4,1
1552,88.0,11.6,0.0,3,4,1
1553,87.0,9.6,0.0,3,4,1
1554,84.5,8.8,0.0,1,4,0
1555,82.1,7.9,0.0,0,4,1
1556,80.2,8.0,0.0,1,4,1
1557,84.5,8.4,0.0,1,4,1
1558,78.1,6.6,0.0,1,4,0
1559,82.3,9.2,0.0,3,4,1
1560,57.7,3.0,0.0,0,4,1
1561,102.0,12.3,150.3,3,4,0
1562,94.7,11.8,206.92,3,4,0
1563,88.0,12.0,0.0,0,4,1
1564,85.0,8.0,0.0,1,4,1
1565,79.0,8.7,0.0,2,4,1
1566,94.0,13.2,377.27,3,4,0
1567,87.0,10.8,262.22,3,4,0
1568,78.2,7.0,0.0,0,4,1
1569,74.0,6.3,22.15,1,4,0
1570,75.0,6.5,198.74,3,4,0
1571,81.0,8.6,53.44,3,4,0
1572,78.0,8.2,153.0,2,4,0
1573,53.6,2.0,0.0,0,4,1
1574,81.7,7.8,0.0,0,4,1
1575,86.3,11.2,0.0,2,4,1
1576,89.0,12.3,248.6,2,4,0
1577,90.5,11.33,187.54,4,4,0
1578,87.0,7.0,24.16,0,4,0
1579,80.2,7.6,105.04,3,4,0
1580,79.0,7.1,0.0,3,4,1
1581,90.0,10.5,0.0,3,4,1
1582,79.0,6.5,0.0,0,4,1
1583,81.3,8.2,0.0,3,4,1
1584,80.0,8.2,0.0,3,4,1
1585,82.0,8.9,0.0,2,4,1
1586,86.7,10.4,0.0,1,4,1
1587,80.9,7.8,0.0,2,4,1
1588,89.0,11.9,264.21,2,4,0
1589,63.5,3.33,4.35,0,4,1
1590,59.01,2.71,4.23,0,4,0
1591,62.5,3.32,3.04,0,4,1
1592,56.51,2.44,6.87,0,4,0
1593,62.91,3.45,22.45,0,4,0
1594,57.0,2.61,2.12,0,4,1
1595,60.7,3.13,9.51,0,4,1
1596,60.5,2.85,9.48,0,4,0
1597,61.2,3.75,6.52,0,4,1
1598,58.0,3.64,4.52,0,4,1
1599,62.5,3.09,10.36,0,4,0
1600,61.3,2.94,14.03,0,4,0
1601,61.0,2.87,0.49,0,4,1
1602,61.5,3.18,0.52,0,4,1
1603,59.01,2.46,11.41,0,4,0
1604,60.0,2.94,10.31,0,4,0
1605,58.2,2.56,2.81,0,4,1
1606,58.13,2.35,4.97,0,4,0
1607,113.0,23.0,10.0,1,4,0
1608,95.0,14.0,260.0,3,4,1
1609,94.0,14.0,280.0,3,4,0
1610,96.0,15.0,300.0,3,4,0
1611,97.5,16.0,250.0,3,4,1
1612,95.5,15.0,268.73,3,4,1
1613,104.0,19.0,319.79,3,4,1
1614,94.0,14.0,258.78,3,4,1
1615,94.5,14.0,250.0,3,4,1
1616,98.5,17.0,150.0,1,4,1
1617,99.0,18.0,190.0,3,4,0
1618,94.5,15.0,300.0,3,4,0
1619,95.5,15.5,255.0,3,4,1
1620,95.0,14.5,295.0,3,4,0
1621,95.6,14.5,310.0,3,4,0
1622,110.0,22.0,480.0,3,4,0
1623,99.0,15.0,330.0,3,4,1
1624,98.0,15.0,280.0,3,4,1
1625,100.0,14.86,325.0,3,4,1
1626,99.0,15.6,400.0,3,4,0
1627,100.0,16.25,255.0,3,4,0
1628,95.0,14.5,69.63836201191265,0,4,1
1629,98.0,13.5,0.0,0,4,1
1630,97.0,15.5,0.0,0,4,1
1631,94.0,13.5,225.0,3,4,0
1632,98.0,14.0,381.0,3,4,0
1633,93.5,14.0,165.0,3,4,1
1634,95.0,13.5,285.0,3,4,1
1635,90.0,14.0,481.0,3,4,0
1636,94.0,13.5,69.63836201191265,3,4,0
1637,26.0,6.0,8.6,1,4,0
1638,26.0,5.5,6.7,1,4,1
1639,99.0,17.0,35.0,3,4,1
1640,102.0,17.0,128.1,3,4,0
1641,103.0,18.0,82.98,1,4,0
1642,90.0,14.0,68.6,1,4,0
1643,103.0,19.0,69.63836201191265,1,4,1
1644,107.0,21.0,101.7,2,4,0
1645,114.0,21.5,45.0,4,4,1
1646,98.0,17.0,17.0,3,4,1
1647,193.4,30.0,500.0,0,4,1
1648,204.0,33.0,550.0,2,4,1
1649,115.0,24.84,165.0,5,4,1
1650,100.0,16.0,215.0,3,4,1
1651,100.0,15.5,205.0,3,4,1
1652,90.7,16.0,69.63836201191265,3,4,1
1653,100.0,16.0,215.0,3,4,1
1654,100.0,15.5,205.0,3,4,1
1655,115.0,24.85,165.0,3,4,1
1656,72.5,6.4,3.25,0,4,1
1657,74.0,7.3,24.12,0,4,0
1658,73.0,6.8,4.56,0,4,0
1659,73.0,6.6,2.34,0,4,1
1660,71.5,6.4,20.65,3,4,0
1661,73.0,6.4,2.14,0,4,1
1662,74.5,6.8,16.93,1,4,0
1663,73.0,6.8,3.78,0,4,1
1664,72.0,6.7,9.15,0,4,0
1665,74.0,7.2,3.3,0,4,1
1666,73.5,7.0,8.85,0,4,0
1667,74.8,6.7,1.53,0,4,1
1668,73.0,5.9,6.8,0,4,0
1669,73.6,6.5,8.79,0,4,0
1670,75.0,6.5,9.67,0,4,0
1671,73.5,6.8,2.59,0,4,1
1672,72.5,6.5,2.85,0,4,0
1673,74.0,6.8,2.78,0,4,1
1674,75.5,7.5,2.57,0,4,1
1675,75.0,7.1,1.59,0,4,1
1676,75.0,6.5,3.34,0,4,1
1677,77.5,7.8,3.08,0,4,1
1678,73.5,7.5,23.24,0,4,0
1679,75.4,7.4,15.47,1,4,0
1680,74.0,7.2,33.87,0,4,0
1681,76.0,6.8,4.89,0,4,1
1682,74.0,6.7,10.6,0,4,0
1683,71.5,6.4,0.0,4,4,0
1684,70.0,5.512,0.0,0,4,1
1685,71.2,4.45,13.8,0,4,0
1686,67.0,5.87,0.0,0,4,1
1687,70.0,5.72,9.83,0,4,0
